{"Epoch": 0, "Train/loss": 2.7506470680236816, "Train/accuracy": 0.14625850319862366, "_runtime": 35, "_timestamp": 1646276733.6705968, "_step": 4, "global_step": 39, "Val/f1": 0.09873830527067184, "Val/loss": 2.71443510055542, "Val/accuracy": 0.13994911313056946, "results": {"_type": "images/separated", "width": 1200, "height": 2000, "format": "png", "count": 1}, "_wandb": {"runtime": 37}}