{"global_step": 250, "_timestamp": 1646280080.5884278, "Train/loss": 0.08381985127925873, "Train/accuracy": 0.9728260636329651, "Val/f1": 0.8915398716926575, "Val/loss": 0.8996750116348267, "Val/accuracy": 0.7367072105407715, "results": {"_type": "images/separated", "width": 1200, "height": 2000, "format": "png", "count": 1}, "_runtime": 205, "_step": 8, "Epoch": 7, "_wandb": {"runtime": 208}}