{"Epoch": 59, "Train/loss": 0.07617133110761642, "Train/accuracy": 0.913281261920929, "_runtime": 1509, "_timestamp": 1646085127.7662456, "_step": 539, "global_step": 5743, "Val/f1": 0.6923131942749023, "Val/loss": 0.09064216911792755, "Val/accuracy": 0.8015414476394653, "results": {"_type": "images/separated", "width": 1200, "height": 2000, "format": "png", "count": 1}, "_wandb": {"runtime": 1512}}