{"global_step": 239, "_timestamp": 1646285139.2382076, "Train/loss": 2.073185443878174, "Train/accuracy": 0.46209150552749634, "_runtime": 159, "_step": 12, "Val/f1": 0.16976124048233032, "Val/loss": 2.045689105987549, "Val/accuracy": 0.40194806456565857, "results": {"_type": "images/separated", "width": 1200, "height": 2000, "format": "png", "count": 1}, "Epoch": 5, "_wandb": {"runtime": 162}}