{"global_step": 147, "_timestamp": 1646278854.5983255, "Train/loss": 0.21780546009540558, "Train/accuracy": 0.9280423521995544, "Val/f1": 0.8094629645347595, "Val/loss": 0.8865357637405396, "Val/accuracy": 0.6456185579299927, "results": {"_type": "images/separated", "width": 1200, "height": 2000, "format": "png", "count": 1}, "_runtime": 133, "_step": 5, "Epoch": 4, "_wandb": {"runtime": 136}}