{"Epoch": 0, "Train/loss": 2.913804769515991, "Train/accuracy": 0.10060729086399078, "_runtime": 35, "_timestamp": 1646277794.8214958, "_step": 2, "Val/f1": 0.09304095804691315, "Val/loss": 2.7814693450927734, "Val/accuracy": 0.12251443415880203, "results": {"_type": "images/separated", "width": 1200, "height": 2000, "format": "png", "count": 1}, "global_step": 19, "_wandb": {"runtime": 38}}