{"global_step": 147, "_timestamp": 1646282906.5043912, "Train/loss": 2.483001947402954, "Train/accuracy": 0.27539682388305664, "Val/f1": 0.11389017105102539, "Val/loss": 2.499999761581421, "Val/accuracy": 0.20687419176101685, "results": {"_type": "images/separated", "width": 1200, "height": 2000, "format": "png", "count": 1}, "_runtime": 132, "_step": 5, "Epoch": 4, "_wandb": {"runtime": 135}}