{"global_step": 94, "_timestamp": 1646280966.5822787, "Train/loss": 2.6539723873138428, "Train/accuracy": 0.1961224526166916, "Val/f1": 0.10432180762290955, "Val/loss": 2.572345495223999, "Val/accuracy": 0.24051447212696075, "results": {"_type": "images/separated", "width": 1200, "height": 2000, "format": "png", "count": 1}, "_runtime": 117, "_step": 4, "Epoch": 3, "_wandb": {"runtime": 120}}