{"global_step": 147, "_timestamp": 1646279337.6393225, "Train/loss": 2.0109617710113525, "Train/accuracy": 0.47280701994895935, "_runtime": 87, "_step": 6, "Val/f1": 0.18232201039791107, "Val/loss": 1.8841567039489746, "Val/accuracy": 0.428846150636673, "results": {"_type": "images/separated", "width": 1200, "height": 2000, "format": "png", "count": 1}, "Epoch": 2, "_wandb": {"runtime": 90}}