{"Epoch": 0, "Train/loss": 2.8706088066101074, "Train/accuracy": 0.07409090548753738, "_runtime": 35, "_timestamp": 1646276511.850933, "_step": 2, "Val/f1": 0.0355239175260067, "Val/loss": 2.7759289741516113, "Val/accuracy": 0.1467532515525818, "results": {"_type": "images/separated", "width": 1200, "height": 2000, "format": "png", "count": 1}, "global_step": 19, "_wandb": {"runtime": 38}}