{"global_step": 115, "_timestamp": 1646280238.30355, "Train/loss": 2.6924238204956055, "Train/accuracy": 0.1638554185628891, "Val/f1": 0.10000721365213394, "Val/loss": 2.6365370750427246, "Val/accuracy": 0.1712992936372757, "results": {"_type": "images/separated", "width": 1200, "height": 2000, "format": "png", "count": 1}, "_runtime": 135, "_step": 5, "Epoch": 4, "_wandb": {"runtime": 137}}