{"Epoch": 0, "Train/loss": 0.5682384967803955, "Train/accuracy": 0.7819047570228577, "_runtime": 35, "_timestamp": 1646276947.7128203, "_step": 4, "global_step": 39, "Val/f1": 0.6976032853126526, "Val/loss": 2.225268602371216, "Val/accuracy": 0.4228791892528534, "results": {"_type": "images/separated", "width": 1200, "height": 2000, "format": "png", "count": 1}, "_wandb": {"runtime": 37}}