{"global_step": 251, "_timestamp": 1646279739.8770936, "Train/loss": 2.3454155921936035, "Train/accuracy": 0.3566037714481354, "Val/f1": 0.128244087100029, "Val/loss": 2.3340630531311035, "Val/accuracy": 0.3264382779598236, "results": {"_type": "images/separated", "width": 1200, "height": 2000, "format": "png", "count": 1}, "_runtime": 244, "_step": 9, "Epoch": 8, "_wandb": {"runtime": 248}}