{"global_step": 143, "_timestamp": 1646279851.098453, "Train/loss": 2.3014042377471924, "Train/accuracy": 0.39145299792289734, "_runtime": 86, "_step": 6, "Val/f1": 0.13754500448703766, "Val/loss": 2.2284536361694336, "Val/accuracy": 0.3867684602737427, "results": {"_type": "images/separated", "width": 1200, "height": 2000, "format": "png", "count": 1}, "Epoch": 2, "_wandb": {"runtime": 88}}