{"global_step": 324, "_timestamp": 1646281952.9672065, "Train/loss": 0.10874537378549576, "Train/accuracy": 0.9657407402992249, "_runtime": 162, "_step": 12, "Val/f1": 0.8492991924285889, "Val/loss": 0.8856171369552612, "Val/accuracy": 0.7317708134651184, "results": {"_type": "images/separated", "width": 1200, "height": 2000, "format": "png", "count": 1}, "Epoch": 5, "_wandb": {"runtime": 164}}