{"global_step": 444, "_timestamp": 1646278477.076735, "Train/loss": 0.13618388772010803, "Train/accuracy": 0.9529629349708557, "_runtime": 250, "_step": 20, "Val/f1": 0.9015191197395325, "Val/loss": 0.8622841835021973, "Val/accuracy": 0.7684887647628784, "results": {"_type": "images/separated", "width": 1200, "height": 2000, "format": "png", "count": 1}, "Epoch": 9, "_wandb": {"runtime": 252}}