{"Epoch": 0, "Train/loss": 2.8821444511413574, "Train/accuracy": 0.1004854366183281, "_runtime": 35, "_timestamp": 1646277010.1294632, "_step": 6, "global_step": 59, "Val/f1": 0.08496085554361343, "Val/loss": 2.845296621322632, "Val/accuracy": 0.09191656112670898, "results": {"_type": "images/separated", "width": 1200, "height": 2000, "format": "png", "count": 1}, "_wandb": {"runtime": 38}}