{"Epoch": 0, "Train/loss": 2.7001562118530273, "Train/accuracy": 0.1401960849761963, "_runtime": 34, "_timestamp": 1646276114.4422915, "_step": 6, "global_step": 59, "Val/f1": 0.07654603570699692, "Val/loss": 2.6792659759521484, "Val/accuracy": 0.09625323116779327, "results": {"_type": "images/separated", "width": 1200, "height": 2000, "format": "png", "count": 1}, "_wandb": {"runtime": 37}}