{"global_step": 77, "_timestamp": 1646283187.8696015, "Train/loss": 0.19451601803302765, "Train/accuracy": 0.9397618770599365, "Val/f1": 0.8667144179344177, "Val/loss": 0.44439661502838135, "Val/accuracy": 0.660941481590271, "results": {"_type": "images/separated", "width": 1200, "height": 2000, "format": "png", "count": 1}, "_runtime": 91, "_step": 3, "Epoch": 2, "_wandb": {"runtime": 94}}