{"Epoch": 0, "Train/loss": 0.5066455006599426, "Train/accuracy": 0.81623375415802, "_runtime": 35, "_timestamp": 1646277872.1517186, "_step": 4, "global_step": 39, "Val/f1": 0.6515608429908752, "Val/loss": 1.9204057455062866, "Val/accuracy": 0.45136186480522156, "results": {"_type": "images/separated", "width": 1200, "height": 2000, "format": "png", "count": 1}, "_wandb": {"runtime": 38}}