{"global_step": 285, "_timestamp": 1646284397.604119, "Train/loss": 0.11001142114400864, "Train/accuracy": 0.9653333425521851, "_runtime": 182, "_step": 14, "Val/f1": 0.8891566395759583, "Val/loss": 0.5655441284179688, "Val/accuracy": 0.7593307495117188, "results": {"_type": "images/separated", "width": 1200, "height": 2000, "format": "png", "count": 1}, "Epoch": 6, "_wandb": {"runtime": 184}}