{"global_step": 133, "_timestamp": 1646280824.0707808, "Train/loss": 0.21465452015399933, "Train/accuracy": 0.9276729822158813, "Val/f1": 0.7517075538635254, "Val/loss": 1.1426879167556763, "Val/accuracy": 0.6114690899848938, "results": {"_type": "images/separated", "width": 1200, "height": 2000, "format": "png", "count": 1}, "_runtime": 111, "_step": 4, "Epoch": 3, "_wandb": {"runtime": 113}}