{"Epoch": 0, "Train/loss": 3.0501041412353516, "Train/accuracy": 0.04174528270959854, "_runtime": 36, "_timestamp": 1646277649.6383197, "_step": 2, "Val/f1": 0.06816136091947556, "Val/loss": 2.9684455394744873, "Val/accuracy": 0.041746947914361954, "results": {"_type": "images/separated", "width": 1200, "height": 2000, "format": "png", "count": 1}, "global_step": 19, "_wandb": {"runtime": 39}}