{"global_step": 157, "_timestamp": 1646284752.0104568, "Train/loss": 2.382955551147461, "Train/accuracy": 0.32932692766189575, "_runtime": 85, "_step": 6, "Val/f1": 0.1256817877292633, "Val/loss": 2.2892560958862305, "Val/accuracy": 0.3209242522716522, "results": {"_type": "images/separated", "width": 1200, "height": 2000, "format": "png", "count": 1}, "Epoch": 2, "_wandb": {"runtime": 87}}