{"global_step": 249, "_timestamp": 1646282642.841695, "Train/loss": 2.119483709335327, "Train/accuracy": 0.4420138895511627, "_runtime": 165, "_step": 12, "Val/f1": 0.1512058824300766, "Val/loss": 2.157538652420044, "Val/accuracy": 0.3765984773635864, "results": {"_type": "images/separated", "width": 1200, "height": 2000, "format": "png", "count": 1}, "Epoch": 5, "_wandb": {"runtime": 168}}