{"global_step": 297, "_timestamp": 1646279229.8855975, "Train/loss": 0.1727365255355835, "Train/accuracy": 0.9485815763473511, "_runtime": 176, "_step": 14, "Val/f1": 0.7974904179573059, "Val/loss": 0.9900318384170532, "Val/accuracy": 0.7201805114746094, "results": {"_type": "images/separated", "width": 1200, "height": 2000, "format": "png", "count": 1}, "Epoch": 6, "_wandb": {"runtime": 179}}