{"Epoch": 0, "Train/loss": 2.852754831314087, "Train/accuracy": 0.07254902273416519, "_runtime": 35, "_timestamp": 1646276438.2267737, "_step": 2, "Val/f1": 0.06105886772274971, "Val/loss": 2.8229174613952637, "Val/accuracy": 0.10322580486536026, "results": {"_type": "images/separated", "width": 1200, "height": 2000, "format": "png", "count": 1}, "global_step": 19, "_wandb": {"runtime": 37}}