{"global_step": 143, "_timestamp": 1646281421.5563145, "Train/loss": 2.379164934158325, "Train/accuracy": 0.33350253105163574, "Val/f1": 0.12828999757766724, "Val/loss": 2.327193021774292, "Val/accuracy": 0.3199999928474426, "results": {"_type": "images/separated", "width": 1200, "height": 2000, "format": "png", "count": 1}, "_runtime": 141, "_step": 5, "Epoch": 4, "_wandb": {"runtime": 144}}