{"Epoch": 59, "Train/loss": 0.1923694908618927, "Train/accuracy": 0.9320312738418579, "_runtime": 1543, "_timestamp": 1646131373.7264361, "_step": 539, "global_step": 5743, "Val/f1": 0.8298275470733643, "Val/loss": 0.22753791511058807, "Val/accuracy": 0.8285163640975952, "results": {"_type": "images/separated", "width": 1200, "height": 2000, "format": "png", "count": 1}, "_wandb": {"runtime": 1546}}