{"Epoch": 59, "Train/loss": 0.01212152186781168, "Train/accuracy": 0.987500011920929, "_runtime": 1501, "_timestamp": 1646082063.8303168, "_step": 539, "global_step": 5743, "Val/f1": 0.9072051048278809, "Val/loss": 0.009657877497375011, "Val/accuracy": 0.8869621157646179, "results": {"_type": "images/separated", "width": 1200, "height": 2000, "format": "png", "count": 1}, "_wandb": {"runtime": 1504}}