{"global_step": 177, "_timestamp": 1646279471.6949782, "Train/loss": 0.15556952357292175, "Train/accuracy": 0.9488636255264282, "_runtime": 112, "_step": 8, "Val/f1": 0.8783857822418213, "Val/loss": 0.5121269226074219, "Val/accuracy": 0.84375, "results": {"_type": "images/separated", "width": 1200, "height": 2000, "format": "png", "count": 1}, "Epoch": 3, "_wandb": {"runtime": 114}}