{"global_step": 175, "_timestamp": 1646278696.5305676, "Train/loss": 0.24055761098861694, "Train/accuracy": 0.920726478099823, "Val/f1": 0.786795437335968, "Val/loss": 0.6582149863243103, "Val/accuracy": 0.6408083438873291, "results": {"_type": "images/separated", "width": 1200, "height": 2000, "format": "png", "count": 1}, "_runtime": 193, "_step": 7, "Epoch": 6, "_wandb": {"runtime": 196}}