{"Epoch": 0, "Train/loss": 2.9638671875, "Train/accuracy": 0.07413793355226517, "_runtime": 37, "_timestamp": 1646276662.3722398, "_step": 2, "Val/f1": 0.08037365972995758, "Val/loss": 2.890368938446045, "Val/accuracy": 0.08752449601888657, "results": {"_type": "images/separated", "width": 1200, "height": 2000, "format": "png", "count": 1}, "global_step": 19, "_wandb": {"runtime": 39}}