{"global_step": 97, "_timestamp": 1646280689.6686354, "Train/loss": 0.20113204419612885, "Train/accuracy": 0.9296610355377197, "Val/f1": 0.8106420636177063, "Val/loss": 0.9624309539794922, "Val/accuracy": 0.692556619644165, "results": {"_type": "images/separated", "width": 1200, "height": 2000, "format": "png", "count": 1}, "_runtime": 116, "_step": 4, "Epoch": 3, "_wandb": {"runtime": 119}}