{"global_step": 71, "_timestamp": 1646282175.838496, "Train/loss": 2.6337554454803467, "Train/accuracy": 0.19512711465358734, "Val/f1": 0.10711647570133209, "Val/loss": 2.5676217079162598, "Val/accuracy": 0.24289405345916748, "results": {"_type": "images/separated", "width": 1200, "height": 2000, "format": "png", "count": 1}, "_runtime": 88, "_step": 3, "Epoch": 2, "_wandb": {"runtime": 91}}