{"Epoch": 19, "Train/loss": 2.8917532444000242, "Train/accuracy": 0.06220472440944882, "_runtime": 20, "_timestamp": 1646276230, "_step": 0}