{"Epoch": 0, "Train/loss": 1.0595040321350098, "Train/accuracy": 0.6573619842529297, "_runtime": 35, "_timestamp": 1646276874.902071, "_step": 2, "Val/f1": 0.6850249171257019, "Val/loss": 0.7689385414123535, "Val/accuracy": 0.7284427285194397, "results": {"_type": "images/separated", "width": 1200, "height": 2000, "format": "png", "count": 1}, "global_step": 19, "_wandb": {"runtime": 38}}