{"global_step": 303, "_timestamp": 1646281769.9963233, "Train/loss": 0.2786765396595001, "Train/accuracy": 0.9054999947547913, "_runtime": 135, "_step": 15, "Val/f1": 0.8366093039512634, "Val/loss": 0.8305683732032776, "Val/accuracy": 0.7145606279373169, "results": {"_type": "images/separated", "width": 1200, "height": 2000, "format": "png", "count": 1}, "Epoch": 4, "_wandb": {"runtime": 138}}