{"global_step": 109, "_timestamp": 1646278204.8476107, "Train/loss": 0.21390879154205322, "Train/accuracy": 0.9221392869949341, "Val/f1": 0.8002627491950989, "Val/loss": 0.758756697177887, "Val/accuracy": 0.7340967059135437, "results": {"_type": "images/separated", "width": 1200, "height": 2000, "format": "png", "count": 1}, "_runtime": 112, "_step": 4, "Epoch": 3, "_wandb": {"runtime": 115}}