{"Epoch": 0, "Train/loss": 2.8903651237487793, "Train/accuracy": 0.05000000074505806, "_runtime": 34, "_timestamp": 1646275454.1118965, "_step": 8, "global_step": 79, "Val/f1": 0.0068182568065822124, "Val/loss": 2.8827333450317383, "Val/accuracy": 0.06640876829624176, "results": {"_type": "images/separated", "width": 1200, "height": 2000, "format": "png", "count": 1}, "_wandb": {"runtime": 37}}