{"Epoch": 59, "Train/loss": 0.024829266592860222, "Train/accuracy": 0.9937499761581421, "_runtime": 1545, "_timestamp": 1646128242.6808026, "_step": 539, "global_step": 5743, "Val/f1": 0.9887986183166504, "Val/loss": 0.023095427080988884, "Val/accuracy": 0.8927424550056458, "results": {"_type": "images/separated", "width": 1200, "height": 2000, "format": "png", "count": 1}, "_wandb": {"runtime": 1548}}