{"global_step": 155, "_timestamp": 1646284047.3926117, "Train/loss": 0.2070012092590332, "Train/accuracy": 0.9294943809509277, "Val/f1": 0.8416609168052673, "Val/loss": 1.2747607231140137, "Val/accuracy": 0.5865139961242676, "results": {"_type": "images/separated", "width": 1200, "height": 2000, "format": "png", "count": 1}, "_runtime": 134, "_step": 5, "Epoch": 4, "_wandb": {"runtime": 137}}