{"global_step": 201, "_timestamp": 1646283888.1831129, "Train/loss": 2.1322669982910156, "Train/accuracy": 0.457608699798584, "Val/f1": 0.15444323420524597, "Val/loss": 2.0981063842773438, "Val/accuracy": 0.44783714413642883, "results": {"_type": "images/separated", "width": 1200, "height": 2000, "format": "png", "count": 1}, "_runtime": 209, "_step": 8, "Epoch": 7, "_wandb": {"runtime": 211}}