{"Epoch": 0, "Train/loss": 3.0043118000030518, "Train/accuracy": 0.07045454531908035, "_runtime": 36, "_timestamp": 1646277079.0065007, "_step": 2, "Val/f1": 0.0769333615899086, "Val/loss": 2.940598487854004, "Val/accuracy": 0.06967741996049881, "results": {"_type": "images/separated", "width": 1200, "height": 2000, "format": "png", "count": 1}, "global_step": 19, "_wandb": {"runtime": 39}}