{"global_step": 48, "_timestamp": 1646285224.8930566, "Train/loss": 0.27591338753700256, "Train/accuracy": 0.9110328555107117, "Val/f1": 0.8008034229278564, "Val/loss": 1.05619478225708, "Val/accuracy": 0.5946994423866272, "results": {"_type": "images/separated", "width": 1200, "height": 2000, "format": "png", "count": 1}, "_runtime": 62, "_step": 2, "Epoch": 1, "_wandb": {"runtime": 65}}