{"global_step": 399, "_timestamp": 1646282452.1908565, "Train/loss": 0.08717761933803558, "Train/accuracy": 0.9696078300476074, "_runtime": 256, "_step": 20, "Val/f1": 0.8678506016731262, "Val/loss": 0.5997670888900757, "Val/accuracy": 0.7516212463378906, "results": {"_type": "images/separated", "width": 1200, "height": 2000, "format": "png", "count": 1}, "Epoch": 9, "_wandb": {"runtime": 258}}