{"global_step": 149, "_timestamp": 1646282750.603442, "Train/loss": 0.2720233201980591, "Train/accuracy": 0.8982142806053162, "_runtime": 86, "_step": 6, "Val/f1": 0.8182653784751892, "Val/loss": 1.2242274284362793, "Val/accuracy": 0.6025640964508057, "results": {"_type": "images/separated", "width": 1200, "height": 2000, "format": "png", "count": 1}, "Epoch": 2, "_wandb": {"runtime": 88}}