{"Epoch": 0, "Train/loss": 0.5097895264625549, "Train/accuracy": 0.809482753276825, "_runtime": 36, "_timestamp": 1646276808.2321322, "_step": 4, "global_step": 39, "Val/f1": 0.764706552028656, "Val/loss": 0.9764648675918579, "Val/accuracy": 0.6056700944900513, "results": {"_type": "images/separated", "width": 1200, "height": 2000, "format": "png", "count": 1}, "_wandb": {"runtime": 39}}