{"global_step": 121, "_timestamp": 1646282062.7237082, "Train/loss": 0.14121997356414795, "Train/accuracy": 0.95333331823349, "_runtime": 90, "_step": 6, "Val/f1": 0.8754128217697144, "Val/loss": 0.7103891968727112, "Val/accuracy": 0.7609536051750183, "results": {"_type": "images/separated", "width": 1200, "height": 2000, "format": "png", "count": 1}, "Epoch": 2, "_wandb": {"runtime": 92}}