{"global_step": 153, "_timestamp": 1646283655.307912, "Train/loss": 0.25208356976509094, "Train/accuracy": 0.913084089756012, "_runtime": 86, "_step": 6, "Val/f1": 0.8356802463531494, "Val/loss": 0.5066913366317749, "Val/accuracy": 0.8304319977760315, "results": {"_type": "images/separated", "width": 1200, "height": 2000, "format": "png", "count": 1}, "Epoch": 2, "_wandb": {"runtime": 88}}