{"global_step": 334, "_timestamp": 1646283372.2003748, "Train/loss": 1.4605313539505005, "Train/accuracy": 0.6307692527770996, "_runtime": 161, "_step": 12, "Val/f1": 0.31083837151527405, "Val/loss": 1.3783082962036133, "Val/accuracy": 0.44938749074935913, "results": {"_type": "images/separated", "width": 1200, "height": 2000, "format": "png", "count": 1}, "Epoch": 5, "_wandb": {"runtime": 163}}