{"Epoch": 0, "Train/loss": 2.7795770168304443, "Train/accuracy": 0.11238531768321991, "_runtime": 34, "_timestamp": 1646275860.9314027, "_step": 4, "global_step": 39, "Val/f1": 0.0704946294426918, "Val/loss": 2.7143375873565674, "Val/accuracy": 0.09737347811460495, "results": {"_type": "images/separated", "width": 1200, "height": 2000, "format": "png", "count": 1}, "_wandb": {"runtime": 37}}