{"global_step": 525, "_timestamp": 1646281256.5272448, "Train/loss": 1.0240857601165771, "Train/accuracy": 0.711403489112854, "_runtime": 266, "_step": 20, "Val/f1": 0.4610537886619568, "Val/loss": 0.9719632863998413, "Val/accuracy": 0.6942307949066162, "results": {"_type": "images/separated", "width": 1200, "height": 2000, "format": "png", "count": 1}, "Epoch": 9, "_wandb": {"runtime": 269}}