{"Epoch": 0, "Train/loss": 0.9516918063163757, "Train/accuracy": 0.6756880879402161, "_runtime": 35, "_timestamp": 1646277721.7307067, "_step": 2, "Val/f1": 0.7723705172538757, "Val/loss": 1.0886688232421875, "Val/accuracy": 0.6576576828956604, "results": {"_type": "images/separated", "width": 1200, "height": 2000, "format": "png", "count": 1}, "global_step": 19, "_wandb": {"runtime": 37}}