{"global_step": 199, "_timestamp": 1646283546.738907, "Train/loss": 1.940946340560913, "Train/accuracy": 0.5043604373931885, "Val/f1": 0.19676503539085388, "Val/loss": 1.8965914249420166, "Val/accuracy": 0.4550195634365082, "results": {"_type": "images/separated", "width": 1200, "height": 2000, "format": "png", "count": 1}, "_runtime": 154, "_step": 6, "Epoch": 5, "_wandb": {"runtime": 156}}