{"global_step": 91, "_timestamp": 1646280548.9904146, "Train/loss": 0.2122935801744461, "Train/accuracy": 0.9283464550971985, "Val/f1": 0.8125704526901245, "Val/loss": 0.4896855056285858, "Val/accuracy": 0.7885235548019409, "results": {"_type": "images/separated", "width": 1200, "height": 2000, "format": "png", "count": 1}, "_runtime": 110, "_step": 4, "Epoch": 3, "_wandb": {"runtime": 113}}