{"Epoch": 59, "Train/loss": 0.05445925146341324, "Train/accuracy": 0.9820312261581421, "_runtime": 1539, "_timestamp": 1646129805.5653443, "_step": 539, "global_step": 5743, "Val/f1": 0.9680747985839844, "Val/loss": 0.06198164448142052, "Val/accuracy": 0.8773282170295715, "results": {"_type": "images/separated", "width": 1200, "height": 2000, "format": "png", "count": 1}, "_wandb": {"runtime": 1542}}