{"global_step": 130, "_timestamp": 1646279031.334916, "Train/loss": 2.578464984893799, "Train/accuracy": 0.23527607321739197, "Val/f1": 0.11305234581232071, "Val/loss": 2.466604709625244, "Val/accuracy": 0.2943078875541687, "results": {"_type": "images/separated", "width": 1200, "height": 2000, "format": "png", "count": 1}, "_runtime": 108, "_step": 4, "Epoch": 3, "_wandb": {"runtime": 111}}