{"global_step": 119, "_timestamp": 1646283072.6825285, "Train/loss": 0.15470516681671143, "Train/accuracy": 0.9489583373069763, "Val/f1": 0.828205406665802, "Val/loss": 0.5772548317909241, "Val/accuracy": 0.7937219738960266, "results": {"_type": "images/separated", "width": 1200, "height": 2000, "format": "png", "count": 1}, "_runtime": 142, "_step": 5, "Epoch": 4, "_wandb": {"runtime": 145}}