{"global_step": 333, "_timestamp": 1646284954.648947, "Train/loss": 0.12547314167022705, "Train/accuracy": 0.9641128778457642, "_runtime": 177, "_step": 14, "Val/f1": 0.8767301440238953, "Val/loss": 0.6452879905700684, "Val/accuracy": 0.8037322759628296, "results": {"_type": "images/separated", "width": 1200, "height": 2000, "format": "png", "count": 1}, "Epoch": 6, "_wandb": {"runtime": 180}}