{"Epoch": 59, "Train/loss": 0.026704732328653336, "Train/accuracy": 0.9585937261581421, "_runtime": 1503, "_timestamp": 1646083592.7699058, "_step": 539, "global_step": 5743, "Val/f1": 0.8451910018920898, "Val/loss": 0.024125222116708755, "Val/accuracy": 0.8651252388954163, "results": {"_type": "images/separated", "width": 1200, "height": 2000, "format": "png", "count": 1}, "_wandb": {"runtime": 1506}}