{"global_step": 439, "_timestamp": 1646284644.0537875, "Train/loss": 1.2992793321609497, "Train/accuracy": 0.6857723593711853, "_runtime": 226, "_step": 18, "Val/f1": 0.3426591753959656, "Val/loss": 1.3273646831512451, "Val/accuracy": 0.555483877658844, "results": {"_type": "images/separated", "width": 1200, "height": 2000, "format": "png", "count": 1}, "Epoch": 8, "_wandb": {"runtime": 228}}